Date,Open,High,Low,Close,Adj Close,Volume
1966/1/1,8.291667,8.558333,7.866667,8.266666,0.67267,12648000
1966/2/1,8.266666,8.745833,8.133333,8.583333,0.698438,8011200
1966/3/1,8.583333,8.75,8.241667,8.6,0.700003,9123200
1966/4/1,8.6,9.366667,8.566667,9.291667,0.756301,7316800
1966/5/1,9.291667,9.35,8.6,9.06875,0.738157,10494400
1966/6/1,8.9125,9.1625,8.3125,8.7625,0.713442,13753600
1966/7/1,8.80625,9.0375,8.51875,8.51875,0.693597,6025600
1966/8/1,8.51875,8.76875,7.65625,8.0125,0.652378,10428800
1966/9/1,8.0125,8.4625,7.6625,7.9375,0.646478,10038400
1966/10/1,7.9375,8.371875,7.2375,8.3,0.676003,11531200
1966/11/1,8.359375,9.425,8.359375,9.4,0.765593,10068800
1966/12/1,9.4,9.65,9.075,9.2875,0.756673,6968000
1967/1/1,9.2875,10.15,9.0625,9.9875,0.813703,10628800
1967/2/1,9.85,10.88125,9.7625,10.75,0.875826,6753600
1967/3/1,10.8125,11.525,10.8,11.275,0.918851,7043200
1967/4/1,11.1875,12.475,10.925,12.4125,1.011552,8220800
1967/5/1,12.125,12.125,11.45,11.65625,0.949922,8121600
1967/6/1,11.65625,12.775,11.5875,12.4375,1.013814,9611200
1967/7/1,12.4375,12.7375,12.2,12.69375,1.034701,6238400
1967/8/1,12.69375,12.8625,12.13125,12.49375,1.018399,5624000
1967/9/1,12.49375,13.9375,12.4625,13.70625,1.117474,7054400
1967/10/1,13.7,15.0125,13.525,14.8375,1.209706,6659200
1967/11/1,14.725,15.5125,14.1875,15.3,1.247413,9472000
1967/12/1,15.3,16.200001,15.25,15.675,1.280405,6500800
1968/1/1,15.675,15.68125,14.71875,14.8625,1.214037,10377600
1968/2/1,14.8625,15.05,14.2125,14.5,1.184425,10609600
1968/3/1,14.5,15.325,14,15.3125,1.253529,11905600
1968/4/1,15.6375,16.9375,15.625,16.9375,1.386557,11107200
1968/5/1,16.975,17.85,16.125,17.85,1.461257,11739200
1968/6/1,18.450001,18.75,17.25,17.6875,1.450664,10641600
1968/7/1,17.6875,18.25,16.299999,16.9375,1.389151,9384000
1968/8/1,16.9375,17.325001,16.5,16.75,1.373773,7364800
1968/9/1,16.75,17.075001,16.5,16.75,1.376421,6200000
1968/10/1,16.525,16.65,15.225,15.35,1.261377,17635200
1968/11/1,15.4,16.737499,15.375,16.6875,1.371284,10878400
1968/12/1,16.6875,16.737499,15.5,15.75,1.294247,8513600
1969/1/1,15.75,15.7625,14.75,14.8125,1.217209,15188800
1969/2/1,14.8125,15.525,14.6625,14.66875,1.205395,9505600
1969/3/1,14.66875,15.775,14.5875,15.7,1.293626,7593600
1969/4/1,15.7,16.512501,15.2625,16.4,1.351303,7721600
1969/5/1,16.4,16.74375,15.9125,15.95,1.314224,7235200
1969/6/1,15.95,16.975,15.3875,16.887501,1.394899,9937600
1969/7/1,16.887501,18.225,15.5,16.225,1.340178,17296000
1969/8/1,16.299999,17.5375,16.275,17.25,1.424842,11720000
1969/9/1,17.25,18.012501,16.549999,17.262501,1.430281,10350400
1969/10/1,17.262501,18.25,17,18.025,1.493457,12192000
1969/11/1,18,18.4375,17.2125,17.85,1.478958,8328000
1969/12/1,17.924999,18.35,17.512501,18.225,1.514229,11555200
1970/1/1,18.225,19.35,16.7125,16.759375,1.392458,15148800
1970/2/1,16.85,17.75,16.737499,17.012501,1.413489,12294400
1970/3/1,17.012501,17.049999,15.7625,16.924999,1.406218,15971200
1970/4/1,16.924999,17.025,14.3125,14.9,1.237971,18692800
1970/5/1,14.9,14.95,11.85,13.9,1.154885,29678400
1970/6/1,13.9,14.35,12.5,12.5,1.042765,21307200
1970/7/1,12.5,13.125,12.1,12.6125,1.05215,18169600
1970/8/1,12.59375,13.575,10.9375,13.3125,1.115828,22201600
1970/9/1,13.2625,14.775,12.9625,14.5875,1.222695,17121600
1970/10/1,14.5875,15.4875,14.15,14.7,1.232125,13166400
1970/11/1,14.7,15.45,14.425,15.3625,1.292851,13985600
1970/12/1,15.3625,16.0375,15.3125,15.8875,1.337034,15844800
1971/1/1,15.8375,16.387501,15.5,16.275,1.369645,13894400
1971/2/1,16.275,17.174999,16.25,16.825001,1.41593,11152000
1971/3/1,16.825001,18.2875,16.737499,17.875,1.510234,12256000
1971/4/1,17.875,18.200001,17.450001,17.887501,1.51129,16568000
1971/5/1,17.75,17.775,16.25,16.35,1.381389,12846400
1971/6/1,16.375,16.575001,15.4,15.85,1.344113,21155200
1971/7/1,15.85,15.9625,14.5125,14.5625,1.23493,22408000
1971/8/1,14.6375,16,14.1625,15.2,1.288991,17017600
1971/9/1,15.2,15.65,14.95,15.1875,1.293792,12812800
1971/10/1,15.2125,15.7625,14.775,15.025,1.279949,14761600
1971/11/1,15,15.325,14.4125,15.275,1.301246,13342400
1971/12/1,15.325,17.424999,15.325,16.825001,1.43952,17424000
1972/1/1,16.825001,18.6,16.5875,18.4,1.574274,18987200
1972/2/1,18.4,18.75,18.225,18.424999,1.576412,9993600
1972/3/1,18.475,19.299999,18.299999,19.112499,1.641166,13555200
1972/4/1,19.112499,19.987499,18.9625,19.299999,1.657267,11294400
1972/5/1,19.299999,20.299999,18.8375,19.887501,1.707714,13296000
1972/6/1,19.950001,20.049999,19.35,19.6,1.689044,9315200
1972/7/1,19.65,20.275,19.174999,20.0375,1.726746,11385600
1972/8/1,20.1,21.3375,20.1,20.424999,1.760139,14835200
1972/9/1,20.424999,20.487499,19.6625,20.325001,1.757322,9339200
1972/10/1,20.325001,20.393749,18.075001,19.275,1.666538,19964800
1972/11/1,19.299999,19.725,18.549999,19.549999,1.690315,12979200
1972/12/1,19.549999,20.25,19.25,20.1,1.744048,12316800
1973/1/1,20.225,22.424999,20.225,21.775,1.889385,18889600
1973/2/1,21.775,22.825001,20.924999,21.575001,1.872031,14412800
1973/3/1,21.575001,22.487499,20.975,21.575001,1.878038,14980800
1973/4/1,21.575001,21.8125,20.0625,20.4,1.775757,13444800
1973/5/1,20.575001,21.262501,19.075001,19.671875,1.712376,19080000
1973/6/1,19.625,20.84375,19.125,19.8125,1.73033,13171200
1973/7/1,19.625,20.21875,18.4375,19.65625,1.716684,15332800
1973/8/1,19.65625,19.671875,18.578125,18.8125,1.642995,11534400
1973/9/1,18.78125,18.78125,15.65625,16.125,1.413422,23854400
1973/10/1,16.109375,18.4375,15.3125,17.515625,1.535315,21480000
1973/11/1,17.515625,18.125,16.4375,16.5625,1.45177,14982400
1973/12/1,16.546875,16.6875,14.695313,15.421875,1.357282,15811200
1974/1/1,15.421875,15.71875,14.0625,15.328125,1.349032,15929600
1974/2/1,15.28125,15.28125,14.0625,14.867188,1.308465,9995200
1974/3/1,14.867188,15.875,14.46875,14.734375,1.303824,12356800
1974/4/1,14.734375,15.15625,13.671875,14.203125,1.256815,11529600
1974/5/1,14.203125,14.5,13.101563,13.28125,1.17524,11699200
1974/6/1,13.28125,14.5,13.125,13.296875,1.183262,11020800
1974/7/1,13.296875,13.992188,12.265625,12.601563,1.121387,16593600
1974/8/1,12.601563,13.4375,11.765625,12,1.067855,20158400
1974/9/1,12,12.03125,9.40625,9.9375,0.890538,25644800
1974/10/1,9.9375,12.3125,9.640625,11.820313,1.059264,30107200
1974/11/1,11.820313,12.5,10.421875,11.078125,0.992754,21164800
1974/12/1,10.96875,10.976563,10.007813,10.5,0.948208,20459200
1975/1/1,10.515625,11.96875,9.828125,11.765625,1.0625,34846400
1975/2/1,11.765625,13.8125,11.703125,13.46875,1.216301,30401600
1975/3/1,13.5,14.046875,12.703125,12.914063,1.175028,22632000
1975/4/1,12.914063,13.585938,12.265625,13.117188,1.193509,25046400
1975/5/1,13.117188,14.210938,12.875,13.4375,1.222655,23155200
1975/6/1,13.5625,13.734375,12.6875,13.0625,1.196989,18966400
1975/7/1,13.0625,13.171875,11.859375,11.890625,1.089603,23774400
1975/8/1,11.890625,11.921875,11,11.640625,1.066694,17582400
1975/9/1,11.640625,12.265625,11.101563,11.765625,1.088389,18624000
1975/10/1,11.765625,13.484375,11.453125,13.265625,1.227148,31411200
1975/11/1,13.265625,14.15625,13.1875,14.148438,1.308813,20020800
1975/12/1,14.148438,14.203125,12.984375,14.015625,1.307244,20083200
1976/1/1,14.015625,16.234375,13.960938,16.109375,1.502528,36676800
1976/2/1,16.109375,16.53125,15.734375,15.976563,1.490141,24716800
1976/3/1,15.976563,16.617188,15.890625,16.375,1.537506,24401600
1976/4/1,16.375,17.078125,15.773438,15.835938,1.486891,28350400
1976/5/1,15.796875,16.21875,15.328125,16.039063,1.505963,18865600
1976/6/1,16.03125,17.429688,15.75,17.296875,1.635511,28011200
1976/7/1,17.296875,17.523438,16.75,17.007813,1.60818,25787200
1976/8/1,17.007813,17.546875,16.734375,17.101563,1.617044,20012800
1976/9/1,17.101563,18.03125,17.078125,17.585938,1.676475,24534400
1976/10/1,17.585938,17.703125,15.8125,16.984375,1.619128,33817600
1976/11/1,16.984375,17.21875,16.09375,16.9375,1.614661,26073600
1976/12/1,16.9375,17.625,16.546875,17.445313,1.67715,27566400
1977/1/1,17.28125,17.53125,16.632813,17.203125,1.653867,32448000
1977/2/1,17.203125,17.367188,16.625,17.25,1.658373,25752000
1977/3/1,17.257813,17.882813,17.234375,17.28125,1.676662,37860800
1977/4/1,17.28125,17.453125,16.03125,16.171875,1.569029,36848000
1977/5/1,16.171875,16.484375,15.28125,15.34375,1.488681,30588800
1977/6/1,15.375,16.804688,15.375,16.5,1.616235,32380800
1977/7/1,16.492188,17.21875,16.125,16.757813,1.641487,27246400
1977/8/1,16.757813,17,16.492188,16.773438,1.643018,22665600
1977/9/1,16.773438,16.8125,15.953125,16.3125,1.612816,21864000
1977/10/1,16.3125,16.40625,15.882813,16.078125,1.589642,26683200
1977/11/1,16.078125,16.828125,15.5625,16.5,1.631354,36395200
1977/12/1,16.5,17.203125,16.203125,17.09375,1.706741,32008000
1978/1/1,16.78125,17.0625,16.5,16.59375,1.656818,39188800
1978/2/1,16.59375,16.648438,15.640625,15.703125,1.567893,27854400
1978/3/1,15.703125,15.78125,14.703125,14.71875,1.485862,49926400
1978/4/1,14.765625,16.625,14.671875,16.625,1.678298,60392000
1978/5/1,16.625,16.796875,16.125,16.140625,1.629402,38838400
1978/6/1,16.140625,17.265625,16,16.078125,1.641046,37203200
1978/7/1,16.078125,17.59375,15.9375,17.5625,1.792551,39387200
1978/8/1,17.5625,18.796875,17.4375,18.242188,1.861923,50198400
1978/9/1,18.25,19.03125,17.09375,17.3125,1.784576,32940800
1978/10/1,17.3125,18.34375,16.46875,16.515625,1.702433,45206400
1978/11/1,16.578125,17.28125,16,16.84375,1.736256,39755200
1978/12/1,16.914063,19.375,16.835938,18.65625,1.944278,45998400
1979/1/1,18.65625,19.765625,18.40625,19.296875,2.011043,47875200
1979/2/1,19.296875,19.4375,18.570313,18.75,1.954049,27734400
1979/3/1,18.75,20.046875,18.664063,19.71875,2.078568,33780800
1979/4/1,19.71875,20.125,19.140625,19.640625,2.070334,34633600
1979/5/1,19.640625,20.09375,18.890625,19,2.002804,30065600
1979/6/1,19.09375,19.625,18.03125,18.34375,1.954656,31636000
1979/7/1,18.34375,19.1875,17,17.4375,1.85809,35155200
1979/8/1,17.4375,18.125,17.0625,17.5,1.864751,36858000
1979/9/1,17.46875,17.84375,16.4375,16.9375,1.82702,35494800
1979/10/1,16.90625,17.375,15.28125,15.59375,1.682072,45927200
1979/11/1,15.59375,16.75,15.28125,16.3125,1.759602,33889200
1979/12/1,16.28125,16.90625,15.8125,16.09375,1.760129,26533600
1980/1/1,15.75,18,15.3125,17.15625,1.87633,49631600
1980/2/1,17.15625,17.625,15.5,15.875,1.736204,39879600
1980/3/1,15.875,15.875,12.84375,13.9375,1.543369,49619200
1980/4/1,13.9375,14,12.59375,13.71875,1.519146,55773200
1980/5/1,13.71875,14.15625,13,13.84375,1.532987,39994400
1980/6/1,13.84375,15.09375,13.8125,14.6875,1.652195,42240800
1980/7/1,14.6875,16.53125,14.59375,16.3125,1.834993,41150000
1980/8/1,16.3125,17.28125,16,16.375,1.842023,38015200
1980/9/1,16.375,17.25,15.84375,16.03125,1.827301,44193600
1980/10/1,16.03125,17.875,15.90625,16.65625,1.89854,55620000
1980/11/1,16.6875,18.1875,16.5625,17.03125,1.941284,46076800
1980/12/1,17,17.375,15.8125,16.96875,1.959122,47108400
1981/1/1,16.96875,17.875,16,16.09375,1.858099,44448800
1981/2/1,16.09375,16.21875,15.0625,16.0625,1.85449,31698800
1981/3/1,16.0625,16.3125,15.34375,15.59375,1.8247,43053600
1981/4/1,15.59375,15.84375,14.65625,14.65625,1.714999,64481600
1981/5/1,14.65625,14.84375,13.78125,14.6875,1.718654,46670800
1981/6/1,14.9375,15.1875,14.28125,14.46875,1.718597,44883600
1981/7/1,14.46875,14.46875,13.65625,14.03125,1.666631,33268800
1981/8/1,14.03125,14.71875,13.75,13.78125,1.636935,33306800
1981/9/1,13.78125,14.1875,13.0625,13.53125,1.631272,40204800
1981/10/1,13.53125,14.0625,12.09375,12.875,1.552158,52389600
1981/11/1,13,13.625,12.46875,13.625,1.642575,44765600
1981/12/1,13.625,14.40625,13.25,14.21875,1.742428,47809200
1982/1/1,14.40625,16.1875,13.90625,15.90625,1.949222,74401600
1982/2/1,15.75,16,14.9375,15.46875,1.895608,51439200
1982/3/1,15.53125,15.6875,14.28125,14.9375,1.855942,67770800
1982/4/1,15.125,16.53125,14.96875,16.0625,1.995722,61904400
1982/5/1,16.09375,16.3125,15.3125,15.375,1.910302,42299600
1982/6/1,15.40625,15.53125,14.375,15.15625,1.908323,59794400
1982/7/1,15.15625,17.15625,14.84375,16.40625,2.065709,77599600
1982/8/1,16.65625,17.75,15.53125,17.625,2.219162,86336400
1982/9/1,17.5625,19.40625,17.34375,18.34375,2.34033,88402400
1982/10/1,18.5,21.1875,18.3125,19.96875,2.547651,90497200
1982/11/1,20.125,21.625,19.875,21.625,2.758957,73062000
1982/12/1,21.8125,24.5,21.53125,24.0625,3.101224,87144800
1983/1/1,23.6875,25.1875,23.0625,24.71875,3.185802,83227600
1983/2/1,24.53125,25.375,23.46875,24.75,3.189828,68222000
1983/3/1,25.1875,26.21875,24.65625,25.4375,3.30807,70778800
1983/4/1,25.40625,29.5,25.28125,29.25,3.803876,72702000
1983/5/1,29,29.625,27.4375,27.8125,3.616934,55655600
1983/6/1,27.8125,31.125,27.5625,30.0625,3.94168,64907200
1983/7/1,30.15625,31.75,29.65625,30.09375,3.94578,65484400
1983/8/1,30.0625,30.9375,28.8125,29.875,3.917098,68978400
1983/9/1,29.90625,32.375,29.53125,31.71875,4.191684,72724800
1983/10/1,31.625,33.5625,31.375,31.6875,4.187556,99626000
1983/11/1,31.8125,31.9375,29.34375,29.34375,3.877825,89170800
1983/12/1,29.4375,31.21875,29.28125,30.5,4.061063,76494400
1984/1/1,30.5625,31.25,28.15625,28.53125,3.798926,115276000
1984/2/1,28.5625,28.65625,26.625,27.5625,3.669936,111818400
1984/3/1,27.4375,28.9375,26.65625,28.46875,3.822352,95428400
1984/4/1,28.5625,28.65625,26.875,28.4375,3.818154,90708800
1984/5/1,28.5,29.3125,26.40625,26.9375,3.616757,88976000
1984/6/1,26.9375,27.3125,24.75,26.4375,3.579032,116490800
1984/7/1,26.4375,27.71875,26,27.65625,3.744022,72080800
1984/8/1,27.75,31.6875,27.71875,30.9375,4.188228,123313200
1984/9/1,30.75,32.125,30.21875,31.0625,4.243649,79127600
1984/10/1,30.9375,31.9375,29.6875,31.15625,4.256457,89139600
1984/11/1,31.4375,31.9375,29.875,30.4375,4.194667,87458000
1984/12/1,30.3125,31.125,29,30.78125,4.242041,88833200
1985/1/1,30.59375,34.40625,29.75,34.09375,4.698544,130434000
1985/2/1,33.90625,34.5625,32.6875,33.5,4.616718,91922000
1985/3/1,33.625,34.1875,31.03125,31.75,4.411093,102980400
1985/4/1,31.75,32.59375,30.96875,31.625,4.393728,78410400
1985/5/1,31.59375,33.3125,31.15625,32.15625,4.467536,99628400
1985/6/1,32.34375,32.65625,29.34375,30.9375,4.336258,118883600
1985/7/1,30.9375,33.125,30,32.84375,4.603438,111006400
1985/8/1,32.9375,33.1875,31.375,31.65625,4.436996,68101200
1985/9/1,31.65625,32.625,30.5625,30.96875,4.377896,92325600
1985/10/1,31,32.84375,30.71875,32.46875,4.589941,105592000
1985/11/1,32.40625,35.1875,32.40625,34.9375,4.938935,108894800
1985/12/1,34.9375,39.6875,34.40625,38.875,5.541263,114449200
1986/1/1,38.6875,39.125,35.75,37.875,5.398721,127569600
1986/2/1,37.96875,40.25,37.5,37.71875,5.376452,126502400
1986/3/1,37.59375,38.375,36.125,37.875,5.556452,161545600
1986/4/1,37.96875,40.46875,36.84375,39.0625,5.730666,143528000
1986/5/1,39,39.375,35.5625,38.09375,5.588544,132659200
1986/6/1,38.1875,38.375,36.03125,36.625,5.534064,94299600
1986/7/1,36.625,37.53125,32.46875,33.125,5.005211,150528800
1986/8/1,33.15625,35.5,32.3125,34.6875,5.241307,114402800
1986/9/1,34.71875,36.375,33.28125,33.625,5.257168,162128000
1986/10/1,33.71875,33.875,29.9375,30.90625,4.8321,170433600
1986/11/1,31,31.96875,29.8125,31.78125,4.968905,110249600
1986/12/1,31.625,32.53125,30,30,4.860306,134091600
1987/1/1,30.25,32.71875,28.9375,32.1875,5.2147,200740000
1987/2/1,32.0625,36.0625,32,34.875,5.650106,144920000
1987/3/1,34.875,39.15625,34.40625,37.53125,6.285103,157184400
1987/4/1,37.25,40.375,35.65625,40.03125,6.703758,225196000
1987/5/1,40,41.90625,38.75,40,6.698529,151076000
1987/6/1,40.25,42.15625,39,40.625,6.987572,138280000
1987/7/1,40.71875,42.46875,39.78125,40.25,6.923074,129840400
1987/8/1,39.875,43.96875,39.625,42.09375,7.240199,189084000
1987/9/1,42.15625,42.34375,37.125,37.6875,6.665328,196856000
1987/10/1,37.8125,39.3125,25,30.625,5.416268,269141200
1987/11/1,30.25,31.21875,27.5,27.6875,4.896748,139041600
1987/12/1,28.125,30.09375,26.25,28.875,5.300096,144892800
1988/1/1,29.25,31,27.15625,28.09375,5.156698,161385200
1988/2/1,28.1875,29.46875,26.71875,29.375,5.391875,139936000
1988/3/1,29.46875,29.65625,26.0625,26.90625,5.146475,139366000
1988/4/1,26.875,29.125,26.40625,28.34375,5.421427,128671200
1988/5/1,28.40625,28.78125,26.875,28.125,5.379588,84149200
1988/6/1,28.25,32.09375,27.9375,31.84375,6.337098,157071600
1988/7/1,31.9375,32.375,30,31.4375,6.256252,118082800
1988/8/1,31.5,31.71875,27.59375,27.875,5.547298,116881200
1988/9/1,27.78125,29.125,27.375,28.84375,5.94821,107313600
1988/10/1,28.78125,31.21875,28.1875,30.65625,6.321989,116277200
1988/11/1,30.71875,31.09375,28.53125,29.625,6.109319,103644400
1988/12/1,29.59375,31.03125,29.40625,30.46875,6.517916,91382800
1989/1/1,30.46875,32.71875,30.15625,32.65625,6.985864,130706400
1989/2/1,32.4375,32.71875,30.15625,30.375,6.497857,114396400
1989/3/1,30.53125,30.59375,26.90625,27.28125,6.0411,165558400
1989/4/1,27.3125,28.9375,26.5625,28.53125,6.317899,111530800
1989/5/1,28.25,28.4375,26.875,27.40625,6.06878,137074400
1989/6/1,27.375,28.78125,26.875,27.96875,6.474376,144924400
1989/7/1,28.125,29.1875,27.65625,28.75,6.65523,106153600
1989/8/1,28.875,29.84375,28.125,29.28125,6.778203,148444400
1989/9/1,29.21875,29.6875,26.9375,27.3125,6.602793,128322400
1989/10/1,27.34375,27.4375,24.4375,25.0625,6.058858,170029200
1989/11/1,25.0625,25.1875,24,24.40625,5.900211,122311600
1989/12/1,24.40625,25.46875,23.34375,23.53125,5.978011,129607600
1990/1/1,23.6875,25.40625,23.625,24.65625,6.263812,156385200
1990/2/1,24.65625,26.375,24.375,25.96875,6.59725,133848800
1990/3/1,25.9375,27.34375,25.84375,26.53125,7.088919,128318400
1990/4/1,26.28125,27.8125,26.25,27.25,7.280965,110108400
1990/5/1,27.375,30.53125,26.96875,30,8.015741,149241200
1990/6/1,30.125,30.5625,29.0625,29.375,8.212587,118013600
1990/7/1,29.375,30.78125,27.625,27.875,7.793216,120184400
1990/8/1,27.96875,28.09375,24.125,25.46875,7.120482,165578800
1990/9/1,25.25,27.3125,25.1875,26.59375,7.783416,117822800
1990/10/1,26.78125,27.59375,24.0625,26.375,7.719393,161156400
1990/11/1,26.34375,28.78125,26.21875,28.40625,8.313892,140917600
1990/12/1,28.625,29,27.65625,28.25,8.654676,110565600
1991/1/1,28.21875,31.78125,26.375,31.6875,9.707793,174923600
1991/2/1,31.625,34.9375,31.40625,32.1875,9.860979,160567200
1991/3/1,32.0625,33.75,27.75,28.46875,9.067604,178246000
1991/4/1,28.46875,28.6875,25.53125,25.75,8.201656,164028400
1991/5/1,25.625,26.625,25.125,26.53125,8.450486,144389600
1991/6/1,26.5,26.84375,24.15625,24.28125,8.112761,143852000
1991/7/1,24.40625,25.75,23.90625,25.3125,8.457322,115507200
1991/8/1,25.25,25.4375,23,24.21875,8.091881,127478800
1991/9/1,24.4375,26.59375,24.40625,25.90625,9.091366,117172000
1991/10/1,25.90625,26.1875,24.1875,24.5625,8.619801,121914400
1991/11/1,24.59375,25.34375,23.09375,23.125,8.115333,116302000
1991/12/1,22.78125,23.09375,20.875,22.25,8.212307,186779200
1992/1/1,22.25,24.53125,22.21875,22.5,8.304578,148634800
1992/2/1,22.5,23.3125,21.65625,21.71875,8.016228,109520000
1992/3/1,21.71875,22.5625,20.78125,20.875,8.136368,134208800
1992/4/1,20.875,22.6875,20.40625,22.6875,8.842821,154146000
1992/5/1,22.8125,23.59375,22.53125,22.6875,8.842821,113014400
1992/6/1,22.625,24.65625,22.0625,24.46875,10.058462,146374400
1992/7/1,24.46875,25.09375,23.09375,23.6875,9.737311,143590400
1992/8/1,23.625,23.8125,21.25,21.65625,8.902316,121280800
1992/9/1,21.65625,22.1875,20,20.1875,8.761361,134284000
1992/10/1,20.25,20.28125,16.25,16.71875,7.255924,258644800
1992/11/1,16.75,17.46875,15.21875,17.0625,7.405115,195714800
1992/12/1,17.09375,17.21875,12.1875,12.59375,5.882868,392747600
1993/1/1,12.9375,13.3125,11.46875,12.875,6.014247,311186000
1993/2/1,13,13.71875,12.1875,13.59375,6.349995,195832000
1993/3/1,13.6875,14.28125,12.46875,12.71875,6.203345,209145600
1993/4/1,12.875,13.28125,11.84375,12.15625,5.928997,164894000
1993/5/1,12.28125,13.5,11.78125,13.1875,6.431971,151283200
1993/6/1,13.3125,13.59375,12.125,12.34375,6.29587,145922400
1993/7/1,12.40625,12.4375,10.28125,11.125,5.674252,206189600
1993/8/1,11.09375,11.46875,10.15625,11.4375,5.83364,140713600
1993/9/1,11.4375,11.59375,10.3125,10.5,5.478942,143716000
1993/10/1,10.53125,11.65625,10.53125,11.5,6.000749,182151200
1993/11/1,11.5,14.03125,11.4375,13.46875,7.028048,270267200
1993/12/1,13.6875,14.96875,13.1875,14.125,7.518634,196909600
1994/1/1,14.21875,15,13.6875,14.125,7.518634,214073600
1994/2/1,14.21875,14.34375,13,13.21875,7.036242,148824800
1994/3/1,13.21875,14.71875,12.84375,13.65625,7.40189,246932800
1994/4/1,13.25,14.875,12.84375,14.375,7.791466,213590400
1994/5/1,14.375,16.03125,14.0625,15.75,8.536736,191827200
1994/6/1,15.75,16.25,14.53125,14.6875,8.101122,179832000
1994/7/1,14.75,15.78125,13.625,15.46875,8.532037,220216800
1994/8/1,15.46875,17.53125,15.375,17.125,9.445565,241504800
1994/9/1,16.71875,17.84375,16.65625,17.40625,9.755546,182742800
1994/10/1,17.34375,19.09375,16.84375,18.625,10.438612,217612400
1994/11/1,18.59375,18.8125,17,17.6875,9.913177,183975600
1994/12/1,17.65625,18.65625,17.21875,18.375,10.440536,162032400
1995/1/1,18.375,19.5,17.5625,18.03125,10.245223,209998400
1995/2/1,18.09375,19.0625,18.0625,18.8125,10.689124,140747200
1995/3/1,18.78125,21.28125,18.78125,20.53125,11.824153,255785600
1995/4/1,20.5625,24.21875,20.5625,23.65625,13.623868,223769200
1995/5/1,23.46875,24.46875,22.875,23.25,13.389904,259951200
1995/6/1,23.375,24.84375,22.09375,24,13.970062,267735600
1995/7/1,24.0625,27.8125,23.9375,27.21875,15.843659,302672000
1995/8/1,27.28125,28.65625,24.65625,25.84375,15.043281,280425600
1995/9/1,25.6875,26.125,22.90625,23.625,13.879259,389168000
1995/10/1,23.75,24.8125,22.28125,24.3125,14.283159,331111200
1995/11/1,24.3125,25.59375,23.25,24.15625,14.191356,222618400
1995/12/1,24.25,24.3125,21.9375,22.84375,13.557581,238327200
1996/1/1,22.84375,27.46875,20.78125,27.125,16.098471,435801200
1996/2/1,27.1875,32.21875,27.03125,30.65625,18.194235,341496800
1996/3/1,30.40625,31.375,26.90625,27.8125,16.651615,331419600
1996/4/1,28.03125,30.21875,25.84375,26.9375,16.127743,369420400
1996/5/1,26.9375,28.125,25.90625,26.6875,15.97807,225481200
1996/6/1,26.59375,26.65625,24.03125,24.75,15.016633,232344400
1996/7/1,24.8125,27.21875,22.28125,26.875,16.305929,302262000
1996/8/1,27,28.9375,26.8125,28.59375,17.348751,187934000
1996/9/1,28.3125,31.96875,28.140625,31.125,19.128839,213265200
1996/10/1,31,33.84375,30.78125,32.25,19.820232,236814000
1996/11/1,32.21875,40.1875,31.78125,39.84375,24.487223,289765600
1996/12/1,39.90625,41.5,36.8125,37.875,23.530172,270300800
1997/1/1,38.4375,42.53125,36.25,39.21875,24.364992,415245600
1997/2/1,39.34375,39.34375,34.28125,35.9375,22.326496,309689200
1997/3/1,35.9375,37.4375,32.5,34.3125,21.51948,278667200
1997/4/1,34.25,40.28125,31.78125,40.125,25.164858,326464400
1997/5/1,40.125,45.9375,39.84375,43.25,27.124733,273395600
1997/6/1,43.875,46.875,40.875,45.125,28.576948,167324800
1997/7/1,45.125,54.21875,45.0625,52.875,33.484879,208427400
1997/8/1,52.75,54.71875,49.84375,50.6875,32.099564,155661400
1997/9/1,50.6875,53.71875,48.0625,53,33.688972,170868800
1997/10/1,53.0625,53.625,44.3125,49.25,31.3053,230292000
1997/11/1,49.5625,54.96875,47.625,54.75,34.801338,147470000
1997/12/1,55,56.75,48.1875,52.3125,33.381912,189262800
1998/1/1,52.25,54.1875,47.8125,49.375,31.507425,206153000
1998/2/1,50,52.9375,48.75,52.21875,33.322109,142352000
1998/3/1,52.09375,53.34375,47.9375,51.9375,33.276306,161250600
1998/4/1,51.9375,60,51.65625,57.9375,37.12051,175968600
1998/5/1,57.96875,64.65625,57.75,58.75,37.641071,151724400
1998/6/1,58.6875,60,53,57.40625,36.918026,163688800
1998/7/1,58,69.0625,56.375,66.25,42.605438,173555400
1998/8/1,67,67.4375,56.3125,56.3125,36.214596,187305400
1998/9/1,56.5,68.09375,55.375,64.25,41.460926,191312400
1998/10/1,62.53125,74.90625,58.40625,74.25,47.913982,248289400
1998/11/1,74.21875,85.28125,72.875,82.5625,53.278088,137674800
1998/12/1,81.75,94.96875,81.125,92.1875,59.665363,142026400
1999/1/1,92.5,99.625,86.75,91.625,59.301285,246686000
1999/2/1,92.25,92.25,80.875,84.875,54.932598,203078200
1999/3/1,84.75,92.96875,82,88.625,57.512127,230701600
1999/4/1,88.65625,107.625,81.5,104.59375,67.874794,267372400
1999/5/1,104,123,103.15625,116,75.276756,212247200
1999/6/1,113.625,132,109.4375,129.25,84.065399,131076300
1999/7/1,130,139.1875,122.625,125.6875,81.748322,132738400
1999/8/1,124,129.625,117.5625,124.5625,81.016609,128262000
1999/9/1,125.625,137.6875,119.625,121,78.77626,148296500
1999/10/1,121,123.25,89,98.25,63.965034,305298100
1999/11/1,98.5,109.875,90,103.0625,67.098167,215184000
1999/12/1,102.5625,122.125,102.25,107.875,70.324799,158626300
2000/1/1,112.4375,124.75,109.625,112.25,73.176918,175259600
2000/2/1,112.375,119.75,100.9375,102.75,66.983772,133524400
2000/3/1,102,128.25,99.5,118.375,77.251106,194329000
2000/4/1,120,128,101.25,111.5,72.764526,168464800
2000/5/1,112.5,113.625,102,107.3125,70.031761,123803200
2000/6/1,107.5625,122.3125,105.5,109.5625,71.586372,136216300
2000/7/1,108.75,117.8125,100,112.25,73.342323,150130400
2000/8/1,112,134.25,110.25,132.015625,86.256882,121998000
2000/9/1,133.0625,134.9375,110.25,112.625,73.669716,107468400
2000/10/1,112.625,119.625,86.9375,98.5,64.430336,223510000
2000/11/1,98.4375,104.375,91.625,93.5,61.159737,130411900
2000/12/1,94.4375,104.75,80.0625,85,55.670521,167790700
2001/1/1,84.5,116.75,83.75,112,73.354088,198962600
2001/2/1,112.400002,118.639999,99.099998,99.900002,65.42923,156438900
2001/3/1,99.300003,108.400002,87.650002,96.18,63.064625,254550000
2001/4/1,97.449997,118.050003,90.050003,115.139999,75.496574,226210900
2001/5/1,115.849998,119.900002,110.959999,111.800003,73.306541,159356200
2001/6/1,112.5,119,111.099998,113.5,74.51123,142929700
2001/7/1,113.5,115.400002,101.559998,105.209999,69.068962,161016400
2001/8/1,105.349998,110.089996,98.860001,99.949997,65.615852,143401500
2001/9/1,100.150002,103.129997,87.489998,91.720001,60.292427,189312500
2001/10/1,91.720001,112.099998,91.339996,108.07,71.0401,224351500
2001/11/1,107.25,117,106.900002,115.589996,75.983391,135136300
2001/12/1,114.800003,124.699997,113.209999,120.959999,79.611488,133393800
2002/1/1,120.599998,126.389999,101,107.889999,71.009262,193562900
2002/2/1,107.639999,109.300003,95.760002,98.120003,64.579056,172321000
2002/3/1,98.599998,108.849998,98.5,104,68.539307,151268500
2002/4/1,104,104,83.339996,83.760002,55.200497,246503300
2002/5/1,83.849998,86.489998,75.919998,80.449997,53.019096,172738400
2002/6/1,80.75,80.949997,66.099998,72,47.543491,190980700
2002/7/1,72.010002,74.199997,65.699997,70.400002,46.486988,246256900
2002/8/1,70.400002,82.849998,65.849998,75.379997,49.775391,166322300
2002/9/1,74.199997,77.5,57.990002,58.310001,38.58889,185664400
2002/10/1,59.200001,79.790001,54.009998,78.940002,52.2416,285626300
2002/11/1,78.900002,88.110001,76.699997,86.919998,57.522667,184438100
2002/12/1,88.599998,89.459999,75.599998,77.5,51.382961,151563500
2003/1/1,78.800003,88.949997,77.019997,78.199997,51.847095,193933500
2003/2/1,78.199997,80.050003,74.309998,77.949997,51.681332,145672700
2003/3/1,78.900002,84.900002,73.169998,78.43,52.100719,191937200
2003/4/1,78.5,86.489998,78.120003,84.900002,56.398716,177874300
2003/5/1,85.300003,90.400002,84.449997,88.040001,58.484608,149548000
2003/6/1,89,89.080002,79.809998,82.5,54.904793,184488300
2003/7/1,81.400002,87.029999,80.580002,81.25,54.072891,153915600
2003/8/1,81.150002,84.720001,78.730003,82.010002,54.578697,113895200
2003/9/1,82.400002,93.470001,82.300003,88.330002,58.902752,171943100
2003/10/1,88.75,94.540001,87.529999,89.480003,59.669655,156145400
2003/11/1,89.900002,91.480003,87.720001,90.540001,60.376503,97966100
2003/12/1,90.900002,94.120003,90.029999,92.68,61.915489,116103600
2004/1/1,92.860001,99.849998,89.010002,99.230003,66.291275,139368500
2004/2/1,99.150002,100.43,95.199997,96.5,64.467476,97741900
2004/3/1,96.5,97.599998,90.279999,91.839996,61.453766,124483700
2004/4/1,91.669998,94.550003,88.010002,88.169998,58.998032,110632000
2004/5/1,88.129997,89.75,85.120003,88.589996,59.279095,104707300
2004/6/1,88,91.209999,87.300003,88.150002,59.10424,91968600
2004/7/1,88.279999,88.440002,83.419998,87.07,58.380108,121001000
2004/8/1,86.870003,87.389999,81.900002,84.690002,56.78434,91169700
2004/9/1,84.050003,87.279999,83.239998,85.739998,57.6101,93906300
2004/10/1,85.949997,90.269997,84.290001,89.75,60.304489,118116100
2004/11/1,89.330002,96.629997,89.230003,94.239998,63.321381,114982100
2004/12/1,94.5,99,94.470001,98.580002,66.365555,108170400
2005/1/1,98.970001,99.099998,91.440002,93.419998,62.891792,114459000
2005/2/1,93.669998,94.970001,91.550003,92.580002,62.326263,79707700
2005/3/1,92.639999,93.730003,89.089996,91.379997,61.635746,106145200
2005/4/1,91.489998,91.760002,71.849998,76.379997,51.518276,216745500
2005/5/1,76.879997,78.110001,72.5,75.550003,50.958454,138416000
2005/6/1,75.57,77.730003,73.449997,74.199997,50.180798,135542800
2005/7/1,74.300003,85.110001,74.160004,83.459999,56.443241,156801500
2005/8/1,83,84.199997,79.870003,80.620003,54.522594,105031100
2005/9/1,80.160004,82.110001,76.93,80.220001,54.382542,115681400
2005/10/1,80.220001,84.599998,78.699997,81.879997,55.507896,139881800
2005/11/1,81.849998,89.940002,80.639999,88.900002,60.266884,110664500
2005/12/1,89.150002,89.919998,81.559998,82.199997,55.858421,120052400
2006/1/1,82.449997,85.029999,80.209999,81.300003,55.24683,146491600
2006/2/1,80.900002,82.239998,78.93,80.239998,54.526535,111052200
2006/3/1,80.199997,84.989998,79.510002,82.470001,56.182625,111514900
2006/4/1,82.720001,84.449997,80.629997,82.339996,56.094074,114007000
2006/5/1,82.589996,83.690002,79.059998,79.900002,54.431828,113146500
2006/6/1,79.889999,80.870003,76.059998,76.82,52.52277,139457800
2006/7/1,77.540001,78.529999,72.730003,77.410004,52.926174,137188300
2006/8/1,76.650002,81.68,75.050003,80.970001,55.360191,100880300
2006/9/1,81.129997,83.790001,79.309998,81.940002,56.246834,102776100
2006/10/1,81.760002,92.68,81.559998,92.330002,63.378922,170367300
2006/11/1,92.5,94.050003,90.43,91.919998,63.097488,104430000
2006/12/1,91.900002,97.879997,90.550003,97.150002,66.903969,104470200
2007/1/1,97.18,100.900002,94.550003,99.150002,68.281288,192702000
2007/2/1,98.970001,100.440002,92.470001,92.940002,64.004669,125776200
2007/3/1,90.25,95.809998,88.769997,94.260002,65.10936,163194500
2007/4/1,94.510002,103,93.910004,102.209999,70.600746,166807200
2007/5/1,102.059998,108.050003,101.349998,106.599998,73.633095,146441400
2007/6/1,106.620003,107.239998,101.559998,105.25,72.983582,169602000
2007/7/1,105.389999,118.82,104.580002,110.650002,76.728111,212757600
2007/8/1,110.389999,117.349998,103.699997,116.690002,80.916428,202871500
2007/9/1,116.339996,118.889999,114.300003,117.800003,81.974976,132233800
2007/10/1,117.610001,121.459999,110.959999,116.120003,80.80587,171669000
2007/11/1,115.5,116.089996,99.269997,105.18,73.192917,200920600
2007/12/1,105.550003,112.190002,104,108.099998,75.491699,134151600
2008/1/1,108.989998,108.989998,97.040001,107.110001,74.800362,247523900
2008/2/1,107.160004,116.629997,100.599998,113.860001,79.514221,168280800
2008/3/1,113.860001,119.790001,111.800003,115.139999,80.715538,179284200
2008/4/1,115.199997,125,113.860001,120.699997,84.613228,192087200
2008/5/1,121.059998,129.990005,120.779999,129.429993,90.733109,159517500
2008/6/1,128.490005,129.369995,118.150002,118.529999,83.431664,152327500
2008/7/1,117.5,130.929993,116.599998,127.980003,90.083374,200876500
2008/8/1,128.520004,129.970001,121.5,121.730003,85.684082,137028800
2008/9/1,122.870003,124,109.949997,116.959999,82.647224,218411700
2008/10/1,115.510002,116.800003,78.82,92.970001,65.695198,314972000
2008/11/1,92.639999,94.760002,69.5,81.599998,57.660831,218313000
2008/12/1,80.949997,87.269997,75.309998,84.160004,59.802261,188846100
2009/1/1,83.889999,94.940002,81.760002,91.650002,65.124512,208959400
2009/2/1,90.599998,97.099998,82.849998,92.029999,65.394531,223017600
2009/3/1,91.169998,99.860001,83.019997,96.889999,69.222481,286114500
2009/4/1,96.129997,106.050003,95.699997,103.209999,73.737755,213623100
2009/5/1,103.779999,106.82,99.830002,106.279999,75.931084,153084700
2009/6/1,106.940002,110.639999,103.510002,104.419998,74.991905,160502100
2009/7/1,105,119.370003,99.5,117.93,84.69445,176171400
2009/8/1,118.879997,120.879997,116.120003,118.050003,84.780624,112480200
2009/9/1,117.669998,122.879997,115.150002,119.610001,86.30162,131522200
2009/10/1,119.389999,128.610001,117.260002,120.610001,87.02317,183531100
2009/11/1,120.769997,128.940002,119.5,126.349998,91.164719,110748200
2009/12/1,127.290001,132.850006,126,130.899994,94.871529,124475900
2010/1/1,131.179993,134.25,121.900002,122.389999,88.703796,156110600
2010/2/1,123.230003,128.270004,121.610001,127.160004,92.160942,113211200
2010/3/1,127.5,130.729996,125.199997,128.25,93.366631,139997300
2010/4/1,128.949997,132.279999,127.120003,129,93.912674,146426400
2010/5/1,129.389999,133.100006,116,125.260002,91.189919,188444200
2010/6/1,124.690002,131.940002,122.82,123.480003,90.354858,162019100
2010/7/1,123.550003,131.600006,120.610001,128.399994,93.954994,144080000
2010/8/1,129.25,132.490005,122.279999,123.129997,90.098709,117394000
2010/9/1,125.309998,136.110001,124.519997,134.139999,98.64151,116092900
2010/10/1,135.509995,144,134.389999,143.600006,105.598053,137284700
2010/11/1,143.639999,147.529999,141.179993,141.460007,104.024399,104096700
2010/12/1,143.610001,147.5,143.509995,146.759995,108.401382,93392800
2011/1/1,147.210007,164.350006,146.639999,162,119.658119,118831600
2011/2/1,162.110001,166.25,159.029999,161.880005,119.569496,89067500
2011/3/1,163.149994,167.720001,151.710007,163.070007,120.925323,129714300
2011/4/1,163.699997,173,162.190002,170.580002,126.494385,100769500
2011/5/1,172.110001,173.539993,165.899994,168.929993,125.270828,110804200
2011/6/1,168.899994,172.449997,161.520004,171.550003,127.782593,105442400
2011/7/1,171.610001,185.630005,171.490005,181.850006,135.454834,113593200
2011/8/1,182.600006,183.690002,157.130005,171.910004,128.050781,195054100
2011/9/1,172.710007,180.910004,158.759995,174.869995,130.8228,137895000
2011/10/1,174.360001,190.529999,168.880005,184.630005,138.124405,144563700
2011/11/1,181.550003,189.970001,177.059998,188,140.645569,97014100
2011/12/1,187.009995,194.899994,179.039993,183.880005,138.116348,103436500
2012/1/1,186.729996,193.100006,177.350006,192.600006,144.666077,110015000
2012/2/1,193.210007,199.229996,190.830002,196.729996,147.768204,78809900
2012/3/1,197.229996,209.119995,196.809998,208.649994,157.331879,88096900
2012/4/1,208.960007,210.690002,196.789993,207.080002,156.148041,86603000
2012/5/1,207.179993,208.929993,192,192.899994,145.455658,86005300
2012/6/1,190.119995,199.990005,187,195.580002,148.094315,84559100
2012/7/1,196.360001,197.839996,181.850006,195.979996,148.397247,91516500
2012/8/1,196.960007,202,193.020004,194.850006,147.541534,60653700
2012/9/1,196.610001,208.320007,193.25,207.449997,157.753006,77341400
2012/10/1,208.009995,211.789993,190.559998,194.529999,147.928162,96155000
2012/11/1,194.679993,198,184.779999,190.070007,144.536606,81892500
2012/12/1,190.759995,196.449997,186.940002,191.550003,146.29953,79320200
2013/1/1,194.089996,208.580002,190.389999,203.070007,155.098145,87636600
2013/2/1,204.649994,205.350006,197.509995,200.830002,153.387268,64144100
2013/3/1,200.649994,215.899994,199.360001,213.300003,163.597153,76023800
2013/4/1,212.800003,214.889999,187.679993,202.539993,155.344513,108666600
2013/5/1,201.869995,211.979996,199.199997,208.020004,159.547501,90683600
2013/6/1,208.25,210.050003,188.410004,191.110001,147.264893,80215000
2013/7/1,192.149994,200.940002,190.259995,195.039993,150.293243,88079400
2013/8/1,196.649994,197.169998,181.100006,182.270004,140.453003,73077400
2013/9/1,183.630005,194.889999,182.309998,185.179993,143.408691,71488100
2013/10/1,185.339996,186.990005,172.570007,179.210007,138.785385,130967100
2013/11/1,179.809998,186.240005,177.309998,179.679993,139.149292,100984900
2013/12/1,179.460007,187.789993,172.729996,187.570007,146.039658,97993100
2014/1/1,187.210007,190.809998,175.339996,176.679993,137.560867,123489300
2014/2/1,176.020004,186.119995,172.190002,185.169998,144.171051,87054800
2014/3/1,183.330002,195.630005,182.210007,192.490005,150.691971,118984000
2014/4/1,193.119995,199.210007,187.009995,196.470001,153.807724,118441200
2014/5/1,196.309998,196.740005,182.330002,184.360001,144.327347,70018300
2014/6/1,184.759995,187.649994,179.270004,181.270004,142.734528,78501700
2014/7/1,181.699997,196.399994,181.699997,191.669998,150.923615,97597800
2014/8/1,190.5,194.130005,183.580002,192.300003,151.419693,53454100
2014/9/1,192.679993,195,188.119995,189.830002,150.35878,64179600
2014/10/1,189.910004,190.889999,161.100006,164.399994,130.216431,146255300
2014/11/1,164.25,164.970001,159.800003,162.169998,128.450134,80015600
2014/12/1,161.639999,164.520004,150.5,160.440002,127.949593,101583300
2015/1/1,161.309998,163.309998,149.520004,153.309998,122.263451,117412100
2015/2/1,154,164.990005,151.509995,161.940002,129.145798,77656900
2015/3/1,161.940002,165.350006,153.399994,160.5,128.895309,104911500
2015/4/1,160.229996,175.130005,158.389999,171.289993,137.560608,93836100
2015/5/1,173.199997,176.300003,168.839996,169.649994,136.243515,57928700
2015/6/1,170.210007,171.559998,162.119995,162.660004,132.632507,80847700
2015/7/1,163.970001,173.779999,158.5,161.990005,132.086212,93854600
2015/8/1,161.699997,161.850006,140.619995,147.889999,120.589096,93728000
2015/9/1,144.910004,149.679993,141.149994,144.970001,119.18943,81813300
2015/10/1,145.309998,153.149994,137.330002,140.080002,115.169029,120475900
2015/11/1,140.5,142.800003,131.649994,139.419998,114.626411,85437000
2015/12/1,139.580002,141.399994,133.910004,137.619995,114.207855,97680800
2016/1/1,135.600006,136.889999,118,124.790001,103.560509,126233100
2016/2/1,124.400002,134.919998,116.900002,131.029999,108.73896,106715800
2016/3/1,132.240005,153.100006,132.029999,151.449997,126.96891,105746700
2016/4/1,150.509995,153.520004,142.610001,145.940002,122.349533,94482500
2016/5/1,146.559998,153.809998,142.899994,153.740005,128.888718,75249000
2016/6/1,153,155.479996,142.5,151.779999,129.70636,76973700
2016/7/1,151.779999,163.600006,149.919998,160.619995,137.260757,69425000
2016/8/1,160.649994,164.949997,157.850006,158.880005,135.773804,69706500
2016/9/1,158.320007,165,153.210007,158.850006,136.920609,69937000
2016/10/1,158.059998,158.529999,147.789993,153.690002,132.472931,78327200
2016/11/1,153.5,164.660004,151,162.220001,139.825378,76338800
2016/12/1,161.949997,169.949997,158.300003,165.990005,144.372894,69470400
2017/1/1,167,179.25,165.339996,174.520004,151.792007,88764500
2017/2/1,175,182.789993,172.889999,179.820007,156.401794,59820600
2017/3/1,180.479996,182.550003,172.089996,174.139999,152.659073,79477000
2017/4/1,173.820007,176.330002,159.600006,160.289993,140.517532,100052300
2017/5/1,160.050003,160.419998,149.789993,152.630005,133.80246,103329100
2017/6/1,152.800003,157.199997,150.800003,153.830002,136.171783,83977000
2017/7/1,153.580002,156.029999,143.639999,144.669998,128.063263,93293500
2017/8/1,145,145.669998,139.130005,143.029999,126.611526,80246500
2017/9/1,142.979996,147.419998,141.639999,145.080002,129.783112,78296700
2017/10/1,145.350006,162.509995,145.210007,154.059998,137.816269,125345600
2017/11/1,154.100006,154.899994,146.210007,149.119995,133.397141,135079900
2017/12/1,154.399994,157.850006,151.490005,153.419998,138.61554,88788100
2018/1/1,154.5,171.130005,153.539993,163.699997,147.903549,145086400
2018/2/1,163.190002,164.130005,144.399994,155.830002,140.792984,102364900
2018/3/1,155.529999,162.110001,148.539993,153.429993,139.989441,94316900
2018/4/1,153.339996,162,144.110001,144.960007,132.261429,122745300
2018/5/1,144.649994,146.199997,139.899994,141.309998,128.931152,88812900
2018/6/1,142.429993,147.520004,137.449997,139.699997,128.877151,89801400
2018/7/1,138.279999,150.539993,138.199997,144.929993,133.701981,94954000
2018/8/1,144.759995,147.929993,142,146.479996,135.131882,79195100
2018/9/1,145.979996,153.350006,144.809998,151.210007,141.002533,95867900
2018/10/1,151.710007,154.360001,114.089996,115.43,107.637856,198093000
2018/11/1,115.5,125.059998,114.540001,124.269997,115.881104,141718900
2018/12/1,125.669998,126.589996,105.940002,113.669998,107.346657,115604100
2019/1/1,112.010002,135.410004,111.690002,134.419998,126.94236,120387100
2019/2/1,134.970001,140.490005,132.119995,138.130005,130.445984,68461200
2019/3/1,139.309998,142.119995,133.580002,141.100006,134.803314,74687300
2019/4/1,141.509995,145.389999,136.259995,140.270004,134.010345,80197500
2019/5/1,140.550003,141.809998,126.849998,126.989998,121.322968,75536400
2019/6/1,127.099998,140.149994,127.059998,137.899994,133.31105,61341600
2019/7/1,139.600006,151.940002,139.130005,148.240005,143.306976,80164100
2019/8/1,148.899994,152.949997,128.830002,135.529999,131.019928,96062300
2019/9/1,134.850006,146.570007,133.330002,145.419998,142.237228,61812000
2019/10/1,145.589996,147.350006,130.899994,133.729996,130.803085,91419500
2019/11/1,134.5,139.139999,132.75,134.449997,131.507324,64772300
2019/12/1,134.449997,136.419998,130.690002,134.039993,132.654785,71853900
2020/1/1,135,145.789993,133.199997,143.729996,142.244659,113249700
2020/2/1,144.25,158.75,126.360001,130.149994,128.804993,118150200
2020/3/1,130.75,136.100006,90.559998,105.480003,105.480003,155932800
